id ,company_name,user_name,password,company_email
,V. K. PTE LTD,VK_ADMIN,_VK_ADMIN_abc123,VK_ADMIN@vkmail.com
,Y. T. PTE LTD,YT_ADMIN,_YT_ADMIN_abc123,YT_ADMIN@ytmail.com
,B. J. PTE LTD,BJ_ADMIN,_BJ_ADMIN_abc123,BJ_ADMIN@bjmail.com
,M. L. PTE LTD,ML_ADMIN,_ML_ADMIN_abc123,ML_ADMIN@mlmail.com
,L. J. PTE LTD,LJ_ADMIN,_LJ_ADMIN_abc123,LJ_ADMIN@ljmail.com
,O. J. PTE LTD,OJ_ADMIN,_OJ_ADMIN_abc123,OJ_ADMIN@ojmail.com
,L. B. PTE LTD,LB_ADMIN,_LB_ADMIN_abc123,LB_ADMIN@lbmail.com
,O. K. PTE LTD,OK_ADMIN,_OK_ADMIN_abc123,OK_ADMIN@okmail.com
,I. Y. PTE LTD,IY_ADMIN,_IY_ADMIN_abc123,IY_ADMIN@iymail.com
,S. I. PTE LTD,SI_ADMIN,_SI_ADMIN_abc123,SI_ADMIN@simail.com
,M. R. PTE LTD,MR_ADMIN,_MR_ADMIN_abc123,MR_ADMIN@mrmail.com
,T. U. PTE LTD,TU_ADMIN,_TU_ADMIN_abc123,TU_ADMIN@tumail.com
,P. V. PTE LTD,PV_ADMIN,_PV_ADMIN_abc123,PV_ADMIN@pvmail.com
,O. X. PTE LTD,OX_ADMIN,_OX_ADMIN_abc123,OX_ADMIN@oxmail.com
,Y. Q. PTE LTD,YQ_ADMIN,_YQ_ADMIN_abc123,YQ_ADMIN@yqmail.com
,C. V. PTE LTD,CV_ADMIN,_CV_ADMIN_abc123,CV_ADMIN@cvmail.com
,V. Q. PTE LTD,VQ_ADMIN,_VQ_ADMIN_abc123,VQ_ADMIN@vqmail.com
,W. Q. PTE LTD,WQ_ADMIN,_WQ_ADMIN_abc123,WQ_ADMIN@wqmail.com
,C. U. PTE LTD,CU_ADMIN,_CU_ADMIN_abc123,CU_ADMIN@cumail.com
,D. G. PTE LTD,DG_ADMIN,_DG_ADMIN_abc123,DG_ADMIN@dgmail.com
,X. M. PTE LTD,XM_ADMIN,_XM_ADMIN_abc123,XM_ADMIN@xmmail.com
,L. F. PTE LTD,LF_ADMIN,_LF_ADMIN_abc123,LF_ADMIN@lfmail.com
,V. J. PTE LTD,VJ_ADMIN,_VJ_ADMIN_abc123,VJ_ADMIN@vjmail.com
,L. C. PTE LTD,LC_ADMIN,_LC_ADMIN_abc123,LC_ADMIN@lcmail.com
,E. M. PTE LTD,EM_ADMIN,_EM_ADMIN_abc123,EM_ADMIN@emmail.com
,P. E. PTE LTD,PE_ADMIN,_PE_ADMIN_abc123,PE_ADMIN@pemail.com
,T. N. PTE LTD,TN_ADMIN,_TN_ADMIN_abc123,TN_ADMIN@tnmail.com
,S. H. PTE LTD,SH_ADMIN,_SH_ADMIN_abc123,SH_ADMIN@shmail.com
,U. Y. PTE LTD,UY_ADMIN,_UY_ADMIN_abc123,UY_ADMIN@uymail.com
,Y. J. PTE LTD,YJ_ADMIN,_YJ_ADMIN_abc123,YJ_ADMIN@yjmail.com
,N. V. PTE LTD,NV_ADMIN,_NV_ADMIN_abc123,NV_ADMIN@nvmail.com
,H. C. PTE LTD,HC_ADMIN,_HC_ADMIN_abc123,HC_ADMIN@hcmail.com
,D. H. PTE LTD,DH_ADMIN,_DH_ADMIN_abc123,DH_ADMIN@dhmail.com
,C. K. PTE LTD,CK_ADMIN,_CK_ADMIN_abc123,CK_ADMIN@ckmail.com
,S. P. PTE LTD,SP_ADMIN,_SP_ADMIN_abc123,SP_ADMIN@spmail.com
,K. Y. PTE LTD,KY_ADMIN,_KY_ADMIN_abc123,KY_ADMIN@kymail.com
,R. N. PTE LTD,RN_ADMIN,_RN_ADMIN_abc123,RN_ADMIN@rnmail.com
,Q. H. PTE LTD,QH_ADMIN,_QH_ADMIN_abc123,QH_ADMIN@qhmail.com
,K. W. PTE LTD,KW_ADMIN,_KW_ADMIN_abc123,KW_ADMIN@kwmail.com
,S. V. PTE LTD,SV_ADMIN,_SV_ADMIN_abc123,SV_ADMIN@pvmail.com
,V. S. PTE LTD,VS_ADMIN,_VS_ADMIN_abc123,VS_ADMIN@vqmail.com
,T. J. PTE LTD,TJ_ADMIN,_TJ_ADMIN_abc123,TJ_ADMIN@tjmail.com
,Q. V. PTE LTD,QV_ADMIN,_QV_ADMIN_abc123,QV_ADMIN@qvmail.com
,U. F. PTE LTD,UF_ADMIN,_UF_ADMIN_abc123,UF_ADMIN@ufmail.com
,K. K. PTE LTD,KK_ADMIN,_KK_ADMIN_abc123,KK_ADMIN@kkmail.com
,I. I. PTE LTD,II_ADMIN,_II_ADMIN_abc123,II_ADMIN@iimail.com
,Y. Y. PTE LTD,YY_ADMIN,_YY_ADMIN_abc123,YY_ADMIN@yymail.com
,I. W. PTE LTD,IW_ADMIN,_IW_ADMIN_abc123,IW_ADMIN@iwmail.com
,A. A. PTE LTD,AA_ADMIN,_AA_ADMIN_abc123,AA_ADMIN@aamail.com
